[
  {
    "subreddit": "r/mildlyinfuriating",
    "title": "This rejection email",
    "url": "https://reddit.com/r/mildlyinfuriating/comments/1lum5iq/this_rejection_email/",
    "score": 157026,
    "num_comments": 2279,
    "created_utc": "2025-07-08",
    "matched_pattern": "frustration/complaint",
    "selftext": "",
    "author": "Glass_Spend1655"
  },
  {
    "subreddit": "r/mildlyinfuriating",
    "title": "Can't renew my grandpa's passport because his birth year is not available. 1922. Yet it goes up to 2125.",
    "url": "https://reddit.com/r/mildlyinfuriating/comments/1llydyw/cant_renew_my_grandpas_passport_because_his_birth/",
    "score": 112833,
    "num_comments": 1920,
    "created_utc": "2025-06-27",
    "matched_pattern": "frustration/complaint",
    "selftext": "",
    "author": "xQcKx"
  },
  {
    "subreddit": "r/mildlyinfuriating",
    "title": "My F key snapped in balf",
    "url": "https://reddit.com/r/mildlyinfuriating/comments/1lvqbzl/my_f_key_snapped_in_balf/",
    "score": 87775,
    "num_comments": 15744,
    "created_utc": "2025-07-09",
    "matched_pattern": "frustration/complaint",
    "selftext": "Laptop of 7+ years had its F key snap in half when I pushed it, the pieces are still attached but\u2026why",
    "author": "Dogteam17v6"
  },
  {
    "subreddit": "r/mildlyinfuriating",
    "title": "My(15f) mom gets snappy when I remind her of the date that she came up with",
    "url": "https://reddit.com/r/mildlyinfuriating/comments/1lroqi7/my15f_mom_gets_snappy_when_i_remind_her_of_the/",
    "score": 58791,
    "num_comments": 2668,
    "created_utc": "2025-07-04",
    "matched_pattern": "frustration/complaint",
    "selftext": "",
    "author": "QueerKatDoves"
  },
  {
    "subreddit": "r/lifehacks",
    "title": "My amazing wife taught me this fire-starter life hack and it works SO well.  \ud83e\udd29\ud83d\udd25",
    "url": "https://reddit.com/r/lifehacks/comments/1m32hhj/my_amazing_wife_taught_me_this_firestarter_life/",
    "score": 2396,
    "num_comments": 263,
    "created_utc": "2025-07-18",
    "matched_pattern": "life hack",
    "selftext": "Take the lint you get from the dryer after you do your laundry and stuff it into a used up toilet paper roll or rip a paper towel roll in half and make two.  It works INCREDIBLY well as a fire starter, and it creates less waste!",
    "author": "TheSuppishOne"
  }
]