{
  "api_keys": {
    "discord": {
      "name": "Stoodio",
      "application_id": "1389652828749955192",
      "public_key": "3bb566976342c86c0b0ca899ee0be1abc81631c1a4906f6d30cdf483cf539659",
      "token": "MTM4OTY1MjgyODc0OTk1NTE5Mg.Gkfmd4.x3InyxyKQLxLmkR2-PhngDEWfzBA8NW6c-CZr0"
    },
    "openai": "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",
    "coinmarketcap": "73c42887-0655-4de1-8012-4ba73c5c04da",
    "newsapi": "6539dbb1a057401092e7ee6686121bd3",
    "anthropic": "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",
    "gemini": "AIzaSyA3SYeSef8L1fZT_WI-3QUVv08nuVFSwvE",
    "twitter": {
      "api_key": "Hc69phesRInOlnLy0T9j7d7ej",
      "api_secret": "LyvjfuNXNWyMQSZsl6jDXuRsZSfckSHZE62L23HghL4cvLZcy7",
      "bearer_token": "AAAAAAAAAAAAAAAAAAAAAOp22wEAAAAAqpPIuJB1dXf09XQ61Jf8pA6wYhc%3DBVPcguctULvILUw9QhNYIbJLmAQ7PCOQsG8PpPr8BD7BRYbn4w"
    },
    "reddit": {
      "client_id": "xbzILKXKP6cr0aojWDhX8A",
      "client_secret": "nfalodq6dotud9xoegyac3uXCkSZEQ",
      "username": "Ray-Hernandez",
      "password": "Hawk-12841284"
    },
    "xai": "xai-eW28YKSkBu825ElPzMsIf7LviahtqQs3Yrp6GmaN95CoIufvoxsL2BechoVbPBPoNtnb5R86hxKcWIRE"
  }
}